genome,secondary_cluster,threshold,cluster_method,comparison_algorithm,primary_cluster,sample,Treat_Control,Time_Point,Plot,Depth
30_40.bin.62.orig.fa,1_1,0.03,average,ANImf,1,ZhuHai_30_40,treatment,0,40,40
40_50.bin.133.orig.fa,1_1,0.03,average,ANImf,1,ZhuHai_40_50,treatment,0,50,50
30_40.bin.172.orig.fa,2_0,0.03,average,ANImf,2,ZhuHai_30_40,treatment,0,40,40
20_30.bin.214.permissive.fa,3_1,0.03,average,ANImf,3,ZhuHai_20_30,treatment,0,30,30
50_60.bin.63.strict.fa,3_1,0.03,average,ANImf,3,ZhuHai_50_60,treatment,0,60,60
60_80.bin.63.strict.fa,3_1,0.03,average,ANImf,3,ZhuHai_60_80,treatment,0,80,80
40_50.bin.140.strict.fa,4_0,0.03,average,ANImf,4,ZhuHai_40_50,treatment,0,50,50
80_100.bin.190.orig.fa,5_0,0.03,average,ANImf,5,ZhuHai_80_100,treatment,0,100,100
30_40.bin.109.strict.fa,6_1,0.03,average,ANImf,6,ZhuHai_30_40,treatment,0,40,40
40_50.bin.69.orig.fa,6_1,0.03,average,ANImf,6,ZhuHai_40_50,treatment,0,50,50
80_100.bin.174.strict.fa,6_1,0.03,average,ANImf,6,ZhuHai_80_100,treatment,0,100,100
20_30.bin.194.orig.fa,7_1,0.03,average,ANImf,7,ZhuHai_20_30,treatment,0,30,30
40_50.bin.137.orig.fa,7_1,0.03,average,ANImf,7,ZhuHai_40_50,treatment,0,50,50
80_100.bin.99.strict.fa,7_1,0.03,average,ANImf,7,ZhuHai_80_100,treatment,0,100,100
15_20.bin.155.orig.fa,8_0,0.03,average,ANImf,8,ZhuHai_15_20,treatment,0,20,20
5_10.bin.87.strict.fa,9_0,0.03,average,ANImf,9,ZhuHai_5_10,treatment,0,10,10
10_15.bin.35.strict.fa,10_1,0.03,average,ANImf,10,ZhuHai_10_15,treatment,0,15,15
20_30.bin.164.strict.fa,10_1,0.03,average,ANImf,10,ZhuHai_20_30,treatment,0,30,30
50_60.bin.193.strict.fa,10_1,0.03,average,ANImf,10,ZhuHai_50_60,treatment,0,60,60
60_80.bin.193.orig.fa,10_1,0.03,average,ANImf,10,ZhuHai_60_80,treatment,0,80,80
10_15.bin.5.strict.fa,11_1,0.03,average,ANImf,11,ZhuHai_10_15,treatment,0,15,15
15_20.bin.106.strict.fa,11_1,0.03,average,ANImf,11,ZhuHai_15_20,treatment,0,20,20
10_15.bin.140.permissive.fa,12_1,0.03,average,ANImf,12,ZhuHai_10_15,treatment,0,15,15
15_20.bin.100.strict.fa,12_1,0.03,average,ANImf,12,ZhuHai_15_20,treatment,0,20,20
20_30.bin.161.permissive.fa,12_1,0.03,average,ANImf,12,ZhuHai_20_30,treatment,0,30,30
5_10.bin.59.strict.fa,12_1,0.03,average,ANImf,12,ZhuHai_5_10,treatment,0,10,10
10_15.bin.36.strict.fa,13_0,0.03,average,ANImf,13,ZhuHai_10_15,treatment,0,15,15
20_30.bin.38.strict.fa,14_1,0.03,average,ANImf,14,ZhuHai_20_30,treatment,0,30,30
80_100.bin.146.orig.fa,14_1,0.03,average,ANImf,14,ZhuHai_80_100,treatment,0,100,100
0_5.bin.47.strict.fa,15_1,0.03,average,ANImf,15,ZhuHai_0_5,treatment,0,5,5
10_15.bin.31.permissive.fa,15_1,0.03,average,ANImf,15,ZhuHai_10_15,treatment,0,15,15
5_10.bin.88.strict.fa,15_1,0.03,average,ANImf,15,ZhuHai_5_10,treatment,0,10,10
20_30.bin.171.orig.fa,16_1,0.03,average,ANImf,16,ZhuHai_20_30,treatment,0,30,30
40_50.bin.130.strict.fa,16_1,0.03,average,ANImf,16,ZhuHai_40_50,treatment,0,50,50
50_60.bin.113.permissive.fa,16_1,0.03,average,ANImf,16,ZhuHai_50_60,treatment,0,60,60
60_80.bin.113.strict.fa,16_1,0.03,average,ANImf,16,ZhuHai_60_80,treatment,0,80,80
80_100.bin.18.orig.fa,16_1,0.03,average,ANImf,16,ZhuHai_80_100,treatment,0,100,100
50_60.bin.172.permissive.fa,17_1,0.03,average,ANImf,17,ZhuHai_50_60,treatment,0,60,60
60_80.bin.172.permissive.fa,17_1,0.03,average,ANImf,17,ZhuHai_60_80,treatment,0,80,80
20_30.bin.203.strict.fa,18_1,0.03,average,ANImf,18,ZhuHai_20_30,treatment,0,30,30
5_10.bin.35.strict.fa,18_1,0.03,average,ANImf,18,ZhuHai_5_10,treatment,0,10,10
15_20.bin.40.strict.fa,19_0,0.03,average,ANImf,19,ZhuHai_15_20,treatment,0,20,20
40_50.bin.70.permissive.fa,20_1,0.03,average,ANImf,20,ZhuHai_40_50,treatment,0,50,50
80_100.bin.171.permissive.fa,20_1,0.03,average,ANImf,20,ZhuHai_80_100,treatment,0,100,100
15_20.bin.101.strict.fa,21_1,0.03,average,ANImf,21,ZhuHai_15_20,treatment,0,20,20
20_30.bin.88.strict.fa,21_1,0.03,average,ANImf,21,ZhuHai_20_30,treatment,0,30,30
30_40.bin.147.strict.fa,21_1,0.03,average,ANImf,21,ZhuHai_30_40,treatment,0,40,40
40_50.bin.98.strict.fa,21_1,0.03,average,ANImf,21,ZhuHai_40_50,treatment,0,50,50
80_100.bin.98.strict.fa,21_1,0.03,average,ANImf,21,ZhuHai_80_100,treatment,0,100,100
80_100.bin.51.orig.fa,22_0,0.03,average,ANImf,22,ZhuHai_80_100,treatment,0,100,100
50_60.bin.126.permissive.fa,23_1,0.03,average,ANImf,23,ZhuHai_50_60,treatment,0,60,60
60_80.bin.126.orig.fa,23_1,0.03,average,ANImf,23,ZhuHai_60_80,treatment,0,80,80
10_15.bin.146.permissive.fa,24_1,0.03,average,ANImf,24,ZhuHai_10_15,treatment,0,15,15
20_30.bin.150.permissive.fa,24_2,0.03,average,ANImf,24,ZhuHai_20_30,treatment,0,30,30
50_60.bin.135.strict.fa,25_1,0.03,average,ANImf,25,ZhuHai_50_60,treatment,0,60,60
60_80.bin.135.permissive.fa,25_1,0.03,average,ANImf,25,ZhuHai_60_80,treatment,0,80,80
80_100.bin.163.permissive.fa,25_1,0.03,average,ANImf,25,ZhuHai_80_100,treatment,0,100,100
50_60.bin.94.permissive.fa,26_1,0.03,average,ANImf,26,ZhuHai_50_60,treatment,0,60,60
60_80.bin.94.permissive.fa,26_1,0.03,average,ANImf,26,ZhuHai_60_80,treatment,0,80,80
80_100.bin.24.permissive.fa,26_1,0.03,average,ANImf,26,ZhuHai_80_100,treatment,0,100,100
30_40.bin.66.strict.fa,27_1,0.03,average,ANImf,27,ZhuHai_30_40,treatment,0,40,40
60_80.bin.108.strict.fa,27_2,0.03,average,ANImf,27,ZhuHai_60_80,treatment,0,80,80
80_100.bin.17.permissive.fa,27_3,0.03,average,ANImf,27,ZhuHai_80_100,treatment,0,100,100
40_50.bin.44.orig.fa,28_1,0.03,average,ANImf,28,ZhuHai_40_50,treatment,0,50,50
50_60.bin.1.orig.fa,28_1,0.03,average,ANImf,28,ZhuHai_50_60,treatment,0,60,60
60_80.bin.1.orig.fa,28_1,0.03,average,ANImf,28,ZhuHai_60_80,treatment,0,80,80
80_100.bin.61.strict.fa,28_1,0.03,average,ANImf,28,ZhuHai_80_100,treatment,0,100,100
40_50.bin.142.orig.fa,29_0,0.03,average,ANImf,29,ZhuHai_40_50,treatment,0,50,50
40_50.bin.191.orig.fa,30_0,0.03,average,ANImf,30,ZhuHai_40_50,treatment,0,50,50
40_50.bin.206.strict.fa,31_1,0.03,average,ANImf,31,ZhuHai_40_50,treatment,0,50,50
50_60.bin.180.permissive.fa,31_1,0.03,average,ANImf,31,ZhuHai_50_60,treatment,0,60,60
60_80.bin.180.strict.fa,31_1,0.03,average,ANImf,31,ZhuHai_60_80,treatment,0,80,80
80_100.bin.64.strict.fa,32_0,0.03,average,ANImf,32,ZhuHai_80_100,treatment,0,100,100
0_5.bin.5.strict.fa,33_0,0.03,average,ANImf,33,ZhuHai_0_5,treatment,0,5,5
30_40.bin.60.permissive.fa,34_0,0.03,average,ANImf,34,ZhuHai_30_40,treatment,0,40,40
0_5.bin.77.strict.fa,35_0,0.03,average,ANImf,35,ZhuHai_0_5,treatment,0,5,5
30_40.bin.12.strict.fa,36_1,0.03,average,ANImf,36,ZhuHai_30_40,treatment,0,40,40
40_50.bin.168.orig.fa,36_1,0.03,average,ANImf,36,ZhuHai_40_50,treatment,0,50,50
40_50.bin.182.orig.fa,37_0,0.03,average,ANImf,37,ZhuHai_40_50,treatment,0,50,50
30_40.bin.159.strict.fa,38_1,0.03,average,ANImf,38,ZhuHai_30_40,treatment,0,40,40
40_50.bin.135.strict.fa,38_1,0.03,average,ANImf,38,ZhuHai_40_50,treatment,0,50,50
50_60.bin.53.permissive.fa,38_1,0.03,average,ANImf,38,ZhuHai_50_60,treatment,0,60,60
60_80.bin.53.strict.fa,38_1,0.03,average,ANImf,38,ZhuHai_60_80,treatment,0,80,80
80_100.bin.48.strict.fa,38_1,0.03,average,ANImf,38,ZhuHai_80_100,treatment,0,100,100
50_60.bin.36.orig.fa,39_1,0.03,average,ANImf,39,ZhuHai_50_60,treatment,0,60,60
60_80.bin.36.orig.fa,39_1,0.03,average,ANImf,39,ZhuHai_60_80,treatment,0,80,80
30_40.bin.38.strict.fa,40_1,0.03,average,ANImf,40,ZhuHai_30_40,treatment,0,40,40
40_50.bin.136.strict.fa,40_2,0.03,average,ANImf,40,ZhuHai_40_50,treatment,0,50,50
30_40.bin.57.strict.fa,41_1,0.03,average,ANImf,41,ZhuHai_30_40,treatment,0,40,40
40_50.bin.176.strict.fa,41_1,0.03,average,ANImf,41,ZhuHai_40_50,treatment,0,50,50
50_60.bin.164.strict.fa,41_1,0.03,average,ANImf,41,ZhuHai_50_60,treatment,0,60,60
60_80.bin.164.strict.fa,41_1,0.03,average,ANImf,41,ZhuHai_60_80,treatment,0,80,80
80_100.bin.35.strict.fa,41_1,0.03,average,ANImf,41,ZhuHai_80_100,treatment,0,100,100
30_40.bin.72.permissive.fa,42_1,0.03,average,ANImf,42,ZhuHai_30_40,treatment,0,40,40
50_60.bin.185.strict.fa,42_1,0.03,average,ANImf,42,ZhuHai_50_60,treatment,0,60,60
60_80.bin.185.strict.fa,42_1,0.03,average,ANImf,42,ZhuHai_60_80,treatment,0,80,80
50_60.bin.145.strict.fa,43_1,0.03,average,ANImf,43,ZhuHai_50_60,treatment,0,60,60
60_80.bin.145.strict.fa,43_1,0.03,average,ANImf,43,ZhuHai_60_80,treatment,0,80,80
30_40.bin.155.permissive.fa,44_1,0.03,average,ANImf,44,ZhuHai_30_40,treatment,0,40,40
40_50.bin.60.strict.fa,44_1,0.03,average,ANImf,44,ZhuHai_40_50,treatment,0,50,50
50_60.bin.64.permissive.fa,44_1,0.03,average,ANImf,44,ZhuHai_50_60,treatment,0,60,60
60_80.bin.64.strict.fa,44_1,0.03,average,ANImf,44,ZhuHai_60_80,treatment,0,80,80
80_100.bin.7.strict.fa,44_1,0.03,average,ANImf,44,ZhuHai_80_100,treatment,0,100,100
30_40.bin.170.orig.fa,45_1,0.03,average,ANImf,45,ZhuHai_30_40,treatment,0,40,40
40_50.bin.195.orig.fa,45_1,0.03,average,ANImf,45,ZhuHai_40_50,treatment,0,50,50
50_60.bin.73.orig.fa,45_1,0.03,average,ANImf,45,ZhuHai_50_60,treatment,0,60,60
60_80.bin.73.orig.fa,45_1,0.03,average,ANImf,45,ZhuHai_60_80,treatment,0,80,80
30_40.bin.146.orig.fa,46_0,0.03,average,ANImf,46,ZhuHai_30_40,treatment,0,40,40
80_100.bin.58.strict.fa,47_0,0.03,average,ANImf,47,ZhuHai_80_100,treatment,0,100,100
60_80.bin.117.permissive.fa,48_1,0.03,average,ANImf,48,ZhuHai_60_80,treatment,0,80,80
80_100.bin.159.strict.fa,48_1,0.03,average,ANImf,48,ZhuHai_80_100,treatment,0,100,100
40_50.bin.12.strict.fa,48_2,0.03,average,ANImf,48,ZhuHai_40_50,treatment,0,50,50
50_60.bin.27.orig.fa,49_1,0.03,average,ANImf,49,ZhuHai_50_60,treatment,0,60,60
60_80.bin.27.orig.fa,49_1,0.03,average,ANImf,49,ZhuHai_60_80,treatment,0,80,80
20_30.bin.108.orig.fa,50_0,0.03,average,ANImf,50,ZhuHai_20_30,treatment,0,30,30
5_10.bin.121.permissive.fa,51_0,0.03,average,ANImf,51,ZhuHai_5_10,treatment,0,10,10
20_30.bin.179.strict.fa,52_1,0.03,average,ANImf,52,ZhuHai_20_30,treatment,0,30,30
50_60.bin.72.orig.fa,52_1,0.03,average,ANImf,52,ZhuHai_50_60,treatment,0,60,60
60_80.bin.72.permissive.fa,52_1,0.03,average,ANImf,52,ZhuHai_60_80,treatment,0,80,80
15_20.bin.110.strict.fa,53_1,0.03,average,ANImf,53,ZhuHai_15_20,treatment,0,20,20
50_60.bin.136.orig.fa,53_1,0.03,average,ANImf,53,ZhuHai_50_60,treatment,0,60,60
60_80.bin.136.orig.fa,53_1,0.03,average,ANImf,53,ZhuHai_60_80,treatment,0,80,80
20_30.bin.157.strict.fa,54_0,0.03,average,ANImf,54,ZhuHai_20_30,treatment,0,30,30
30_40.bin.41.strict.fa,55_0,0.03,average,ANImf,55,ZhuHai_30_40,treatment,0,40,40
50_60.bin.182.strict.fa,56_1,0.03,average,ANImf,56,ZhuHai_50_60,treatment,0,60,60
60_80.bin.182.strict.fa,56_1,0.03,average,ANImf,56,ZhuHai_60_80,treatment,0,80,80
0_5.bin.94.strict.fa,57_1,0.03,average,ANImf,57,ZhuHai_0_5,treatment,0,5,5
10_15.bin.50.strict.fa,57_1,0.03,average,ANImf,57,ZhuHai_10_15,treatment,0,15,15
15_20.bin.88.permissive.fa,57_1,0.03,average,ANImf,57,ZhuHai_15_20,treatment,0,20,20
15_20.bin.52.strict.fa,58_0,0.03,average,ANImf,58,ZhuHai_15_20,treatment,0,20,20
15_20.bin.10.permissive.fa,59_0,0.03,average,ANImf,59,ZhuHai_15_20,treatment,0,20,20
30_40.bin.105.strict.fa,60_0,0.03,average,ANImf,60,ZhuHai_30_40,treatment,0,40,40
20_30.bin.187.strict.fa,61_1,0.03,average,ANImf,61,ZhuHai_20_30,treatment,0,30,30
50_60.bin.124.orig.fa,61_1,0.03,average,ANImf,61,ZhuHai_50_60,treatment,0,60,60
60_80.bin.124.strict.fa,61_1,0.03,average,ANImf,61,ZhuHai_60_80,treatment,0,80,80
15_20.bin.90.strict.fa,62_1,0.03,average,ANImf,62,ZhuHai_15_20,treatment,0,20,20
30_40.bin.173.orig.fa,62_1,0.03,average,ANImf,62,ZhuHai_30_40,treatment,0,40,40
5_10.bin.13.orig.fa,62_1,0.03,average,ANImf,62,ZhuHai_5_10,treatment,0,10,10
10_15.bin.18.permissive.fa,63_0,0.03,average,ANImf,63,ZhuHai_10_15,treatment,0,15,15
40_50.bin.61.orig.fa,64_0,0.03,average,ANImf,64,ZhuHai_40_50,treatment,0,50,50
0_5.bin.17.orig.fa,65_0,0.03,average,ANImf,65,ZhuHai_0_5,treatment,0,5,5
20_30.bin.25.strict.fa,66_0,0.03,average,ANImf,66,ZhuHai_20_30,treatment,0,30,30
30_40.bin.33.strict.fa,67_1,0.03,average,ANImf,67,ZhuHai_30_40,treatment,0,40,40
40_50.bin.49.strict.fa,67_1,0.03,average,ANImf,67,ZhuHai_40_50,treatment,0,50,50
50_60.bin.61.strict.fa,67_1,0.03,average,ANImf,67,ZhuHai_50_60,treatment,0,60,60
60_80.bin.61.strict.fa,67_1,0.03,average,ANImf,67,ZhuHai_60_80,treatment,0,80,80
80_100.bin.1.orig.fa,67_1,0.03,average,ANImf,67,ZhuHai_80_100,treatment,0,100,100
50_60.bin.75.strict.fa,68_1,0.03,average,ANImf,68,ZhuHai_50_60,treatment,0,60,60
60_80.bin.75.strict.fa,68_1,0.03,average,ANImf,68,ZhuHai_60_80,treatment,0,80,80
80_100.bin.6.strict.fa,69_0,0.03,average,ANImf,69,ZhuHai_80_100,treatment,0,100,100
80_100.bin.44.orig.fa,70_0,0.03,average,ANImf,70,ZhuHai_80_100,treatment,0,100,100
40_50.bin.202.strict.fa,71_0,0.03,average,ANImf,71,ZhuHai_40_50,treatment,0,50,50
80_100.bin.70.strict.fa,72_0,0.03,average,ANImf,72,ZhuHai_80_100,treatment,0,100,100
30_40.bin.55.orig.fa,73_1,0.03,average,ANImf,73,ZhuHai_30_40,treatment,0,40,40
40_50.bin.194.orig.fa,73_1,0.03,average,ANImf,73,ZhuHai_40_50,treatment,0,50,50
50_60.bin.167.strict.fa,73_1,0.03,average,ANImf,73,ZhuHai_50_60,treatment,0,60,60
60_80.bin.167.strict.fa,73_1,0.03,average,ANImf,73,ZhuHai_60_80,treatment,0,80,80
80_100.bin.21.orig.fa,73_1,0.03,average,ANImf,73,ZhuHai_80_100,treatment,0,100,100
30_40.bin.175.orig.fa,74_1,0.03,average,ANImf,74,ZhuHai_30_40,treatment,0,40,40
50_60.bin.57.strict.fa,74_1,0.03,average,ANImf,74,ZhuHai_50_60,treatment,0,60,60
60_80.bin.57.strict.fa,74_1,0.03,average,ANImf,74,ZhuHai_60_80,treatment,0,80,80
15_20.bin.14.permissive.fa,75_0,0.03,average,ANImf,75,ZhuHai_15_20,treatment,0,20,20
10_15.bin.148.strict.fa,76_1,0.03,average,ANImf,76,ZhuHai_10_15,treatment,0,15,15
15_20.bin.162.orig.fa,76_1,0.03,average,ANImf,76,ZhuHai_15_20,treatment,0,20,20
80_100.bin.32.orig.fa,77_0,0.03,average,ANImf,77,ZhuHai_80_100,treatment,0,100,100
20_30.bin.83.strict.fa,78_0,0.03,average,ANImf,78,ZhuHai_20_30,treatment,0,30,30
50_60.bin.18.orig.fa,79_1,0.03,average,ANImf,79,ZhuHai_50_60,treatment,0,60,60
60_80.bin.18.strict.fa,79_1,0.03,average,ANImf,79,ZhuHai_60_80,treatment,0,80,80
40_50.bin.129.strict.fa,80_0,0.03,average,ANImf,80,ZhuHai_40_50,treatment,0,50,50
10_15.bin.38.orig.fa,81_1,0.03,average,ANImf,81,ZhuHai_10_15,treatment,0,15,15
15_20.bin.8.strict.fa,81_1,0.03,average,ANImf,81,ZhuHai_15_20,treatment,0,20,20
30_40.bin.135.strict.fa,82_0,0.03,average,ANImf,82,ZhuHai_30_40,treatment,0,40,40
50_60.bin.149.orig.fa,83_1,0.03,average,ANImf,83,ZhuHai_50_60,treatment,0,60,60
60_80.bin.149.orig.fa,83_1,0.03,average,ANImf,83,ZhuHai_60_80,treatment,0,80,80
0_5.bin.62.strict.fa,84_1,0.03,average,ANImf,84,ZhuHai_0_5,treatment,0,5,5
5_10.bin.83.strict.fa,84_1,0.03,average,ANImf,84,ZhuHai_5_10,treatment,0,10,10
15_20.bin.153.permissive.fa,85_1,0.03,average,ANImf,85,ZhuHai_15_20,treatment,0,20,20
5_10.bin.18.strict.fa,85_1,0.03,average,ANImf,85,ZhuHai_5_10,treatment,0,10,10
10_15.bin.49.strict.fa,86_0,0.03,average,ANImf,86,ZhuHai_10_15,treatment,0,15,15
40_50.bin.96.strict.fa,87_0,0.03,average,ANImf,87,ZhuHai_40_50,treatment,0,50,50
20_30.bin.47.orig.fa,88_0,0.03,average,ANImf,88,ZhuHai_20_30,treatment,0,30,30
80_100.bin.176.orig.fa,89_0,0.03,average,ANImf,89,ZhuHai_80_100,treatment,0,100,100
0_5.bin.20.strict.fa,90_0,0.03,average,ANImf,90,ZhuHai_0_5,treatment,0,5,5
0_5.bin.107.strict.fa,91_0,0.03,average,ANImf,91,ZhuHai_0_5,treatment,0,5,5
0_5.bin.86.orig.fa,92_0,0.03,average,ANImf,92,ZhuHai_0_5,treatment,0,5,5
20_30.bin.169.strict.fa,93_1,0.03,average,ANImf,93,ZhuHai_20_30,treatment,0,30,30
50_60.bin.109.strict.fa,93_1,0.03,average,ANImf,93,ZhuHai_50_60,treatment,0,60,60
60_80.bin.109.permissive.fa,93_1,0.03,average,ANImf,93,ZhuHai_60_80,treatment,0,80,80
80_100.bin.186.permissive.fa,93_1,0.03,average,ANImf,93,ZhuHai_80_100,treatment,0,100,100
30_40.bin.145.orig.fa,94_1,0.03,average,ANImf,94,ZhuHai_30_40,treatment,0,40,40
40_50.bin.115.strict.fa,94_2,0.03,average,ANImf,94,ZhuHai_40_50,treatment,0,50,50
10_15.bin.37.permissive.fa,95_0,0.03,average,ANImf,95,ZhuHai_10_15,treatment,0,15,15
10_15.bin.133.strict.fa,96_1,0.03,average,ANImf,96,ZhuHai_10_15,treatment,0,15,15
15_20.bin.104.strict.fa,96_1,0.03,average,ANImf,96,ZhuHai_15_20,treatment,0,20,20
20_30.bin.127.strict.fa,96_1,0.03,average,ANImf,96,ZhuHai_20_30,treatment,0,30,30
40_50.bin.106.permissive.fa,96_1,0.03,average,ANImf,96,ZhuHai_40_50,treatment,0,50,50
10_15.bin.55.strict.fa,97_1,0.03,average,ANImf,97,ZhuHai_10_15,treatment,0,15,15
20_30.bin.168.orig.fa,97_1,0.03,average,ANImf,97,ZhuHai_20_30,treatment,0,30,30
10_15.bin.6.strict.fa,98_1,0.03,average,ANImf,98,ZhuHai_10_15,treatment,0,15,15
15_20.bin.53.strict.fa,98_1,0.03,average,ANImf,98,ZhuHai_15_20,treatment,0,20,20
20_30.bin.182.strict.fa,98_1,0.03,average,ANImf,98,ZhuHai_20_30,treatment,0,30,30
40_50.bin.27.strict.fa,98_1,0.03,average,ANImf,98,ZhuHai_40_50,treatment,0,50,50
50_60.bin.165.strict.fa,98_1,0.03,average,ANImf,98,ZhuHai_50_60,treatment,0,60,60
5_10.bin.92.strict.fa,98_1,0.03,average,ANImf,98,ZhuHai_5_10,treatment,0,10,10
60_80.bin.165.strict.fa,98_1,0.03,average,ANImf,98,ZhuHai_60_80,treatment,0,80,80
80_100.bin.68.permissive.fa,98_1,0.03,average,ANImf,98,ZhuHai_80_100,treatment,0,100,100
5_10.bin.52.permissive.fa,99_0,0.03,average,ANImf,99,ZhuHai_5_10,treatment,0,10,10
30_40.bin.31.orig.fa,100_1,0.03,average,ANImf,100,ZhuHai_30_40,treatment,0,40,40
80_100.bin.113.strict.fa,100_1,0.03,average,ANImf,100,ZhuHai_80_100,treatment,0,100,100
20_30.bin.124.strict.fa,101_0,0.03,average,ANImf,101,ZhuHai_20_30,treatment,0,30,30
30_40.bin.163.orig.fa,102_0,0.03,average,ANImf,102,ZhuHai_30_40,treatment,0,40,40
50_60.bin.151.strict.fa,103_1,0.03,average,ANImf,103,ZhuHai_50_60,treatment,0,60,60
60_80.bin.151.orig.fa,103_1,0.03,average,ANImf,103,ZhuHai_60_80,treatment,0,80,80
80_100.bin.71.orig.fa,104_0,0.03,average,ANImf,104,ZhuHai_80_100,treatment,0,100,100
30_40.bin.157.strict.fa,105_0,0.03,average,ANImf,105,ZhuHai_30_40,treatment,0,40,40
80_100.bin.82.orig.fa,106_0,0.03,average,ANImf,106,ZhuHai_80_100,treatment,0,100,100
0_5.bin.80.permissive.fa,107_1,0.03,average,ANImf,107,ZhuHai_0_5,treatment,0,5,5
10_15.bin.143.strict.fa,107_1,0.03,average,ANImf,107,ZhuHai_10_15,treatment,0,15,15
15_20.bin.13.permissive.fa,107_1,0.03,average,ANImf,107,ZhuHai_15_20,treatment,0,20,20
20_30.bin.52.strict.fa,107_1,0.03,average,ANImf,107,ZhuHai_20_30,treatment,0,30,30
5_10.bin.33.permissive.fa,107_1,0.03,average,ANImf,107,ZhuHai_5_10,treatment,0,10,10
20_30.bin.20.strict.fa,108_1,0.03,average,ANImf,108,ZhuHai_20_30,treatment,0,30,30
30_40.bin.144.strict.fa,108_1,0.03,average,ANImf,108,ZhuHai_30_40,treatment,0,40,40
10_15.bin.76.strict.fa,108_2,0.03,average,ANImf,108,ZhuHai_10_15,treatment,0,15,15
20_30.bin.170.strict.fa,109_0,0.03,average,ANImf,109,ZhuHai_20_30,treatment,0,30,30
20_30.bin.198.strict.fa,110_0,0.03,average,ANImf,110,ZhuHai_20_30,treatment,0,30,30
80_100.bin.173.orig.fa,111_0,0.03,average,ANImf,111,ZhuHai_80_100,treatment,0,100,100
20_30.bin.165.orig.fa,112_1,0.03,average,ANImf,112,ZhuHai_20_30,treatment,0,30,30
30_40.bin.118.strict.fa,112_1,0.03,average,ANImf,112,ZhuHai_30_40,treatment,0,40,40
40_50.bin.87.strict.fa,112_1,0.03,average,ANImf,112,ZhuHai_40_50,treatment,0,50,50
80_100.bin.92.strict.fa,112_1,0.03,average,ANImf,112,ZhuHai_80_100,treatment,0,100,100
30_40.bin.18.strict.fa,113_0,0.03,average,ANImf,113,ZhuHai_30_40,treatment,0,40,40
30_40.bin.125.strict.fa,114_1,0.03,average,ANImf,114,ZhuHai_30_40,treatment,0,40,40
40_50.bin.163.orig.fa,114_1,0.03,average,ANImf,114,ZhuHai_40_50,treatment,0,50,50
50_60.bin.82.strict.fa,114_1,0.03,average,ANImf,114,ZhuHai_50_60,treatment,0,60,60
60_80.bin.82.orig.fa,114_1,0.03,average,ANImf,114,ZhuHai_60_80,treatment,0,80,80
20_30.bin.134.strict.fa,115_1,0.03,average,ANImf,115,ZhuHai_20_30,treatment,0,30,30
80_100.bin.101.strict.fa,115_1,0.03,average,ANImf,115,ZhuHai_80_100,treatment,0,100,100
50_60.bin.102.orig.fa,116_1,0.03,average,ANImf,116,ZhuHai_50_60,treatment,0,60,60
60_80.bin.102.orig.fa,116_1,0.03,average,ANImf,116,ZhuHai_60_80,treatment,0,80,80
30_40.bin.26.strict.fa,117_1,0.03,average,ANImf,117,ZhuHai_30_40,treatment,0,40,40
40_50.bin.14.strict.fa,117_1,0.03,average,ANImf,117,ZhuHai_40_50,treatment,0,50,50
30_40.bin.71.strict.fa,118_1,0.03,average,ANImf,118,ZhuHai_30_40,treatment,0,40,40
40_50.bin.174.permissive.fa,118_1,0.03,average,ANImf,118,ZhuHai_40_50,treatment,0,50,50
50_60.bin.170.permissive.fa,118_1,0.03,average,ANImf,118,ZhuHai_50_60,treatment,0,60,60
60_80.bin.170.permissive.fa,118_1,0.03,average,ANImf,118,ZhuHai_60_80,treatment,0,80,80
20_30.bin.176.permissive.fa,119_0,0.03,average,ANImf,119,ZhuHai_20_30,treatment,0,30,30
10_15.bin.127.orig.fa,120_1,0.03,average,ANImf,120,ZhuHai_10_15,treatment,0,15,15
15_20.bin.158.orig.fa,120_1,0.03,average,ANImf,120,ZhuHai_15_20,treatment,0,20,20
10_15.bin.14.orig.fa,121_1,0.03,average,ANImf,121,ZhuHai_10_15,treatment,0,15,15
15_20.bin.160.strict.fa,121_1,0.03,average,ANImf,121,ZhuHai_15_20,treatment,0,20,20
5_10.bin.9.strict.fa,121_1,0.03,average,ANImf,121,ZhuHai_5_10,treatment,0,10,10
15_20.bin.168.strict.fa,122_0,0.03,average,ANImf,122,ZhuHai_15_20,treatment,0,20,20
15_20.bin.27.orig.fa,123_0,0.03,average,ANImf,123,ZhuHai_15_20,treatment,0,20,20
10_15.bin.32.strict.fa,124_1,0.03,average,ANImf,124,ZhuHai_10_15,treatment,0,15,15
15_20.bin.70.strict.fa,124_1,0.03,average,ANImf,124,ZhuHai_15_20,treatment,0,20,20
20_30.bin.175.orig.fa,124_1,0.03,average,ANImf,124,ZhuHai_20_30,treatment,0,30,30
15_20.bin.43.strict.fa,125_0,0.03,average,ANImf,125,ZhuHai_15_20,treatment,0,20,20
10_15.bin.113.strict.fa,126_1,0.03,average,ANImf,126,ZhuHai_10_15,treatment,0,15,15
15_20.bin.32.strict.fa,126_1,0.03,average,ANImf,126,ZhuHai_15_20,treatment,0,20,20
20_30.bin.74.orig.fa,126_1,0.03,average,ANImf,126,ZhuHai_20_30,treatment,0,30,30
15_20.bin.11.strict.fa,127_1,0.03,average,ANImf,127,ZhuHai_15_20,treatment,0,20,20
20_30.bin.50.orig.fa,127_1,0.03,average,ANImf,127,ZhuHai_20_30,treatment,0,30,30
30_40.bin.142.orig.fa,127_1,0.03,average,ANImf,127,ZhuHai_30_40,treatment,0,40,40
40_50.bin.145.strict.fa,127_1,0.03,average,ANImf,127,ZhuHai_40_50,treatment,0,50,50
50_60.bin.110.strict.fa,127_1,0.03,average,ANImf,127,ZhuHai_50_60,treatment,0,60,60
60_80.bin.110.strict.fa,127_1,0.03,average,ANImf,127,ZhuHai_60_80,treatment,0,80,80
10_15.bin.83.orig.fa,128_1,0.03,average,ANImf,128,ZhuHai_10_15,treatment,0,15,15
15_20.bin.103.orig.fa,128_1,0.03,average,ANImf,128,ZhuHai_15_20,treatment,0,20,20
20_30.bin.190.orig.fa,128_1,0.03,average,ANImf,128,ZhuHai_20_30,treatment,0,30,30
20_30.bin.58.orig.fa,129_1,0.03,average,ANImf,129,ZhuHai_20_30,treatment,0,30,30
30_40.bin.94.orig.fa,129_1,0.03,average,ANImf,129,ZhuHai_30_40,treatment,0,40,40
40_50.bin.36.strict.fa,129_1,0.03,average,ANImf,129,ZhuHai_40_50,treatment,0,50,50
50_60.bin.59.strict.fa,129_1,0.03,average,ANImf,129,ZhuHai_50_60,treatment,0,60,60
60_80.bin.59.strict.fa,129_1,0.03,average,ANImf,129,ZhuHai_60_80,treatment,0,80,80
15_20.bin.48.strict.fa,129_2,0.03,average,ANImf,129,ZhuHai_15_20,treatment,0,20,20
0_5.bin.49.permissive.fa,130_1,0.03,average,ANImf,130,ZhuHai_0_5,treatment,0,5,5
5_10.bin.89.strict.fa,130_1,0.03,average,ANImf,130,ZhuHai_5_10,treatment,0,10,10
5_10.bin.31.strict.fa,131_0,0.03,average,ANImf,131,ZhuHai_5_10,treatment,0,10,10
20_30.bin.2.orig.fa,132_0,0.03,average,ANImf,132,ZhuHai_20_30,treatment,0,30,30
30_40.bin.98.orig.fa,133_0,0.03,average,ANImf,133,ZhuHai_30_40,treatment,0,40,40
0_5.bin.65.strict.fa,134_1,0.03,average,ANImf,134,ZhuHai_0_5,treatment,0,5,5
10_15.bin.30.orig.fa,134_1,0.03,average,ANImf,134,ZhuHai_10_15,treatment,0,15,15
15_20.bin.51.orig.fa,134_1,0.03,average,ANImf,134,ZhuHai_15_20,treatment,0,20,20
20_30.bin.132.strict.fa,134_1,0.03,average,ANImf,134,ZhuHai_20_30,treatment,0,30,30
5_10.bin.103.orig.fa,134_1,0.03,average,ANImf,134,ZhuHai_5_10,treatment,0,10,10
20_30.bin.156.orig.fa,135_0,0.03,average,ANImf,135,ZhuHai_20_30,treatment,0,30,30
10_15.bin.99.orig.fa,136_1,0.03,average,ANImf,136,ZhuHai_10_15,treatment,0,15,15
15_20.bin.33.strict.fa,136_1,0.03,average,ANImf,136,ZhuHai_15_20,treatment,0,20,20
0_5.bin.67.orig.fa,137_0,0.03,average,ANImf,137,ZhuHai_0_5,treatment,0,5,5
20_30.bin.147.permissive.fa,138_0,0.03,average,ANImf,138,ZhuHai_20_30,treatment,0,30,30
30_40.bin.153.strict.fa,139_1,0.03,average,ANImf,139,ZhuHai_30_40,treatment,0,40,40
50_60.bin.81.strict.fa,139_1,0.03,average,ANImf,139,ZhuHai_50_60,treatment,0,60,60
60_80.bin.81.strict.fa,139_1,0.03,average,ANImf,139,ZhuHai_60_80,treatment,0,80,80
5_10.bin.96.strict.fa,140_0,0.03,average,ANImf,140,ZhuHai_5_10,treatment,0,10,10
60_80.bin.69.strict.fa,141_0,0.03,average,ANImf,141,ZhuHai_60_80,treatment,0,80,80
10_15.bin.27.strict.fa,142_1,0.03,average,ANImf,142,ZhuHai_10_15,treatment,0,15,15
15_20.bin.141.orig.fa,142_1,0.03,average,ANImf,142,ZhuHai_15_20,treatment,0,20,20
20_30.bin.40.strict.fa,142_1,0.03,average,ANImf,142,ZhuHai_20_30,treatment,0,30,30
40_50.bin.81.permissive.fa,142_1,0.03,average,ANImf,142,ZhuHai_40_50,treatment,0,50,50
50_60.bin.19.orig.fa,142_1,0.03,average,ANImf,142,ZhuHai_50_60,treatment,0,60,60
60_80.bin.19.orig.fa,142_1,0.03,average,ANImf,142,ZhuHai_60_80,treatment,0,80,80
0_5.bin.92.strict.fa,143_1,0.03,average,ANImf,143,ZhuHai_0_5,treatment,0,5,5
5_10.bin.2.strict.fa,143_1,0.03,average,ANImf,143,ZhuHai_5_10,treatment,0,10,10
20_30.bin.84.orig.fa,144_0,0.03,average,ANImf,144,ZhuHai_20_30,treatment,0,30,30
0_5.bin.82.strict.fa,145_0,0.03,average,ANImf,145,ZhuHai_0_5,treatment,0,5,5
80_100.bin.168.orig.fa,146_0,0.03,average,ANImf,146,ZhuHai_80_100,treatment,0,100,100
40_50.bin.187.strict.fa,147_0,0.03,average,ANImf,147,ZhuHai_40_50,treatment,0,50,50
5_10.bin.4.strict.fa,148_0,0.03,average,ANImf,148,ZhuHai_5_10,treatment,0,10,10
0_5.bin.24.orig.fa,149_0,0.03,average,ANImf,149,ZhuHai_0_5,treatment,0,5,5
10_15.bin.151.permissive.fa,150_0,0.03,average,ANImf,150,ZhuHai_10_15,treatment,0,15,15
0_5.bin.66.strict.fa,151_1,0.03,average,ANImf,151,ZhuHai_0_5,treatment,0,5,5
10_15.bin.107.orig.fa,151_1,0.03,average,ANImf,151,ZhuHai_10_15,treatment,0,15,15
15_20.bin.37.orig.fa,151_1,0.03,average,ANImf,151,ZhuHai_15_20,treatment,0,20,20
20_30.bin.121.orig.fa,151_1,0.03,average,ANImf,151,ZhuHai_20_30,treatment,0,30,30
5_10.bin.10.orig.fa,151_1,0.03,average,ANImf,151,ZhuHai_5_10,treatment,0,10,10
10_15.bin.4.orig.fa,152_1,0.03,average,ANImf,152,ZhuHai_10_15,treatment,0,15,15
15_20.bin.94.permissive.fa,152_1,0.03,average,ANImf,152,ZhuHai_15_20,treatment,0,20,20
5_10.bin.108.orig.fa,152_1,0.03,average,ANImf,152,ZhuHai_5_10,treatment,0,10,10
40_50.bin.193.permissive.fa,153_1,0.03,average,ANImf,153,ZhuHai_40_50,treatment,0,50,50
50_60.bin.11.orig.fa,153_1,0.03,average,ANImf,153,ZhuHai_50_60,treatment,0,60,60
60_80.bin.11.orig.fa,153_1,0.03,average,ANImf,153,ZhuHai_60_80,treatment,0,80,80
80_100.bin.90.strict.fa,153_1,0.03,average,ANImf,153,ZhuHai_80_100,treatment,0,100,100
20_30.bin.59.orig.fa,154_1,0.03,average,ANImf,154,ZhuHai_20_30,treatment,0,30,30
40_50.bin.15.orig.fa,154_1,0.03,average,ANImf,154,ZhuHai_40_50,treatment,0,50,50
50_60.bin.147.orig.fa,154_1,0.03,average,ANImf,154,ZhuHai_50_60,treatment,0,60,60
60_80.bin.147.strict.fa,154_1,0.03,average,ANImf,154,ZhuHai_60_80,treatment,0,80,80
30_40.bin.127.strict.fa,155_0,0.03,average,ANImf,155,ZhuHai_30_40,treatment,0,40,40
80_100.bin.125.orig.fa,156_0,0.03,average,ANImf,156,ZhuHai_80_100,treatment,0,100,100
10_15.bin.128.orig.fa,157_1,0.03,average,ANImf,157,ZhuHai_10_15,treatment,0,15,15
15_20.bin.79.orig.fa,157_1,0.03,average,ANImf,157,ZhuHai_15_20,treatment,0,20,20
20_30.bin.101.strict.fa,157_1,0.03,average,ANImf,157,ZhuHai_20_30,treatment,0,30,30
30_40.bin.130.strict.fa,157_1,0.03,average,ANImf,157,ZhuHai_30_40,treatment,0,40,40
40_50.bin.116.orig.fa,157_1,0.03,average,ANImf,157,ZhuHai_40_50,treatment,0,50,50
50_60.bin.187.strict.fa,157_1,0.03,average,ANImf,157,ZhuHai_50_60,treatment,0,60,60
5_10.bin.105.orig.fa,157_1,0.03,average,ANImf,157,ZhuHai_5_10,treatment,0,10,10
60_80.bin.187.orig.fa,157_1,0.03,average,ANImf,157,ZhuHai_60_80,treatment,0,80,80
80_100.bin.85.strict.fa,158_0,0.03,average,ANImf,158,ZhuHai_80_100,treatment,0,100,100
15_20.bin.82.strict.fa,159_1,0.03,average,ANImf,159,ZhuHai_15_20,treatment,0,20,20
20_30.bin.75.strict.fa,159_1,0.03,average,ANImf,159,ZhuHai_20_30,treatment,0,30,30
40_50.bin.119.strict.fa,159_1,0.03,average,ANImf,159,ZhuHai_40_50,treatment,0,50,50
50_60.bin.79.strict.fa,159_1,0.03,average,ANImf,159,ZhuHai_50_60,treatment,0,60,60
60_80.bin.79.orig.fa,159_1,0.03,average,ANImf,159,ZhuHai_60_80,treatment,0,80,80
10_15.bin.97.strict.fa,160_1,0.03,average,ANImf,160,ZhuHai_10_15,treatment,0,15,15
15_20.bin.80.orig.fa,160_1,0.03,average,ANImf,160,ZhuHai_15_20,treatment,0,20,20
20_30.bin.5.orig.fa,160_1,0.03,average,ANImf,160,ZhuHai_20_30,treatment,0,30,30
5_10.bin.49.strict.fa,160_1,0.03,average,ANImf,160,ZhuHai_5_10,treatment,0,10,10
15_20.bin.16.orig.fa,161_1,0.03,average,ANImf,161,ZhuHai_15_20,treatment,0,20,20
20_30.bin.162.strict.fa,161_1,0.03,average,ANImf,161,ZhuHai_20_30,treatment,0,30,30
50_60.bin.166.strict.fa,162_1,0.03,average,ANImf,162,ZhuHai_50_60,treatment,0,60,60
60_80.bin.166.orig.fa,162_1,0.03,average,ANImf,162,ZhuHai_60_80,treatment,0,80,80
0_5.bin.32.strict.fa,163_1,0.03,average,ANImf,163,ZhuHai_0_5,treatment,0,5,5
10_15.bin.79.orig.fa,163_1,0.03,average,ANImf,163,ZhuHai_10_15,treatment,0,15,15
20_30.bin.91.orig.fa,163_1,0.03,average,ANImf,163,ZhuHai_20_30,treatment,0,30,30
30_40.bin.73.orig.fa,163_1,0.03,average,ANImf,163,ZhuHai_30_40,treatment,0,40,40
50_60.bin.51.strict.fa,163_1,0.03,average,ANImf,163,ZhuHai_50_60,treatment,0,60,60
5_10.bin.15.strict.fa,163_1,0.03,average,ANImf,163,ZhuHai_5_10,treatment,0,10,10
60_80.bin.51.orig.fa,163_1,0.03,average,ANImf,163,ZhuHai_60_80,treatment,0,80,80
20_30.bin.185.orig.fa,164_0,0.03,average,ANImf,164,ZhuHai_20_30,treatment,0,30,30
0_5.bin.40.orig.fa,165_1,0.03,average,ANImf,165,ZhuHai_0_5,treatment,0,5,5
30_40.bin.70.orig.fa,165_1,0.03,average,ANImf,165,ZhuHai_30_40,treatment,0,40,40
40_50.bin.181.strict.fa,165_1,0.03,average,ANImf,165,ZhuHai_40_50,treatment,0,50,50
50_60.bin.148.strict.fa,165_1,0.03,average,ANImf,165,ZhuHai_50_60,treatment,0,60,60
5_10.bin.113.orig.fa,165_1,0.03,average,ANImf,165,ZhuHai_5_10,treatment,0,10,10
60_80.bin.148.strict.fa,165_1,0.03,average,ANImf,165,ZhuHai_60_80,treatment,0,80,80
80_100.bin.9.orig.fa,165_1,0.03,average,ANImf,165,ZhuHai_80_100,treatment,0,100,100
0_5.bin.114.permissive.fa,166_1,0.03,average,ANImf,166,ZhuHai_0_5,treatment,0,5,5
10_15.bin.149.permissive.fa,166_1,0.03,average,ANImf,166,ZhuHai_10_15,treatment,0,15,15
5_10.bin.100.orig.fa,166_1,0.03,average,ANImf,166,ZhuHai_5_10,treatment,0,10,10
10_15.bin.63.orig.fa,167_1,0.03,average,ANImf,167,ZhuHai_10_15,treatment,0,15,15
15_20.bin.129.permissive.fa,167_1,0.03,average,ANImf,167,ZhuHai_15_20,treatment,0,20,20
10_15.bin.147.strict.fa,168_1,0.03,average,ANImf,168,ZhuHai_10_15,treatment,0,15,15
5_10.bin.17.orig.fa,168_1,0.03,average,ANImf,168,ZhuHai_5_10,treatment,0,10,10
0_5.bin.25.orig.fa,169_1,0.03,average,ANImf,169,ZhuHai_0_5,treatment,0,5,5
15_20.bin.36.strict.fa,169_1,0.03,average,ANImf,169,ZhuHai_15_20,treatment,0,20,20
5_10.bin.6.orig.fa,169_1,0.03,average,ANImf,169,ZhuHai_5_10,treatment,0,10,10
40_50.bin.22.strict.fa,170_0,0.03,average,ANImf,170,ZhuHai_40_50,treatment,0,50,50
30_40.bin.19.orig.fa,171_1,0.03,average,ANImf,171,ZhuHai_30_40,treatment,0,40,40
50_60.bin.17.orig.fa,171_1,0.03,average,ANImf,171,ZhuHai_50_60,treatment,0,60,60
60_80.bin.17.orig.fa,171_1,0.03,average,ANImf,171,ZhuHai_60_80,treatment,0,80,80
10_15.bin.15.orig.fa,172_1,0.03,average,ANImf,172,ZhuHai_10_15,treatment,0,15,15
20_30.bin.48.orig.fa,172_1,0.03,average,ANImf,172,ZhuHai_20_30,treatment,0,30,30
5_10.bin.74.orig.fa,172_1,0.03,average,ANImf,172,ZhuHai_5_10,treatment,0,10,10
10_15.bin.122.orig.fa,173_1,0.03,average,ANImf,173,ZhuHai_10_15,treatment,0,15,15
15_20.bin.12.orig.fa,173_1,0.03,average,ANImf,173,ZhuHai_15_20,treatment,0,20,20
20_30.bin.79.orig.fa,173_1,0.03,average,ANImf,173,ZhuHai_20_30,treatment,0,30,30
30_40.bin.137.orig.fa,173_1,0.03,average,ANImf,173,ZhuHai_30_40,treatment,0,40,40
15_20.bin.116.strict.fa,174_0,0.03,average,ANImf,174,ZhuHai_15_20,treatment,0,20,20
15_20.bin.174.orig.fa,175_0,0.03,average,ANImf,175,ZhuHai_15_20,treatment,0,20,20
20_30.bin.32.orig.fa,176_0,0.03,average,ANImf,176,ZhuHai_20_30,treatment,0,30,30
20_30.bin.14.strict.fa,177_1,0.03,average,ANImf,177,ZhuHai_20_30,treatment,0,30,30
80_100.bin.187.orig.fa,177_1,0.03,average,ANImf,177,ZhuHai_80_100,treatment,0,100,100
20_30.bin.4.strict.fa,178_1,0.03,average,ANImf,178,ZhuHai_20_30,treatment,0,30,30
40_50.bin.170.strict.fa,178_1,0.03,average,ANImf,178,ZhuHai_40_50,treatment,0,50,50
50_60.bin.111.strict.fa,178_1,0.03,average,ANImf,178,ZhuHai_50_60,treatment,0,60,60
60_80.bin.111.strict.fa,178_1,0.03,average,ANImf,178,ZhuHai_60_80,treatment,0,80,80
10_15.bin.121.orig.fa,179_0,0.03,average,ANImf,179,ZhuHai_10_15,treatment,0,15,15
20_30.bin.184.orig.fa,180_0,0.03,average,ANImf,180,ZhuHai_20_30,treatment,0,30,30
0_5.bin.87.strict.fa,181_1,0.03,average,ANImf,181,ZhuHai_0_5,treatment,0,5,5
10_15.bin.44.orig.fa,181_1,0.03,average,ANImf,181,ZhuHai_10_15,treatment,0,15,15
15_20.bin.42.strict.fa,181_1,0.03,average,ANImf,181,ZhuHai_15_20,treatment,0,20,20
20_30.bin.96.orig.fa,181_1,0.03,average,ANImf,181,ZhuHai_20_30,treatment,0,30,30
5_10.bin.73.orig.fa,181_1,0.03,average,ANImf,181,ZhuHai_5_10,treatment,0,10,10
60_80.bin.65.strict.fa,182_0,0.03,average,ANImf,182,ZhuHai_60_80,treatment,0,80,80
80_100.bin.96.orig.fa,183_0,0.03,average,ANImf,183,ZhuHai_80_100,treatment,0,100,100
30_40.bin.74.strict.fa,184_1,0.03,average,ANImf,184,ZhuHai_30_40,treatment,0,40,40
40_50.bin.89.orig.fa,184_1,0.03,average,ANImf,184,ZhuHai_40_50,treatment,0,50,50
0_5.bin.56.permissive.fa,185_0,0.03,average,ANImf,185,ZhuHai_0_5,treatment,0,5,5
20_30.bin.129.strict.fa,186_1,0.03,average,ANImf,186,ZhuHai_20_30,treatment,0,30,30
30_40.bin.148.permissive.fa,186_1,0.03,average,ANImf,186,ZhuHai_30_40,treatment,0,40,40
40_50.bin.80.orig.fa,186_1,0.03,average,ANImf,186,ZhuHai_40_50,treatment,0,50,50
50_60.bin.33.permissive.fa,186_1,0.03,average,ANImf,186,ZhuHai_50_60,treatment,0,60,60
60_80.bin.33.permissive.fa,186_1,0.03,average,ANImf,186,ZhuHai_60_80,treatment,0,80,80
80_100.bin.63.strict.fa,186_1,0.03,average,ANImf,186,ZhuHai_80_100,treatment,0,100,100
40_50.bin.29.orig.fa,187_1,0.03,average,ANImf,187,ZhuHai_40_50,treatment,0,50,50
80_100.bin.42.permissive.fa,187_1,0.03,average,ANImf,187,ZhuHai_80_100,treatment,0,100,100
30_40.bin.140.orig.fa,188_0,0.03,average,ANImf,188,ZhuHai_30_40,treatment,0,40,40
10_15.bin.45.strict.fa,189_1,0.03,average,ANImf,189,ZhuHai_10_15,treatment,0,15,15
15_20.bin.107.permissive.fa,189_1,0.03,average,ANImf,189,ZhuHai_15_20,treatment,0,20,20
20_30.bin.81.orig.fa,189_1,0.03,average,ANImf,189,ZhuHai_20_30,treatment,0,30,30
5_10.bin.60.strict.fa,189_1,0.03,average,ANImf,189,ZhuHai_5_10,treatment,0,10,10
40_50.bin.138.orig.fa,190_0,0.03,average,ANImf,190,ZhuHai_40_50,treatment,0,50,50
80_100.bin.16.orig.fa,191_0,0.03,average,ANImf,191,ZhuHai_80_100,treatment,0,100,100
10_15.bin.102.strict.fa,192_1,0.03,average,ANImf,192,ZhuHai_10_15,treatment,0,15,15
15_20.bin.15.orig.fa,192_1,0.03,average,ANImf,192,ZhuHai_15_20,treatment,0,20,20
0_5.bin.46.strict.fa,193_1,0.03,average,ANImf,193,ZhuHai_0_5,treatment,0,5,5
5_10.bin.36.orig.fa,193_1,0.03,average,ANImf,193,ZhuHai_5_10,treatment,0,10,10
80_100.bin.13.strict.fa,194_0,0.03,average,ANImf,194,ZhuHai_80_100,treatment,0,100,100
30_40.bin.82.permissive.fa,195_0,0.03,average,ANImf,195,ZhuHai_30_40,treatment,0,40,40
80_100.bin.15.orig.fa,196_0,0.03,average,ANImf,196,ZhuHai_80_100,treatment,0,100,100
30_40.bin.81.strict.fa,197_1,0.03,average,ANImf,197,ZhuHai_30_40,treatment,0,40,40
40_50.bin.77.strict.fa,197_1,0.03,average,ANImf,197,ZhuHai_40_50,treatment,0,50,50
50_60.bin.2.orig.fa,197_1,0.03,average,ANImf,197,ZhuHai_50_60,treatment,0,60,60
60_80.bin.2.orig.fa,197_1,0.03,average,ANImf,197,ZhuHai_60_80,treatment,0,80,80
20_30.bin.89.orig.fa,198_0,0.03,average,ANImf,198,ZhuHai_20_30,treatment,0,30,30
10_15.bin.78.strict.fa,199_0,0.03,average,ANImf,199,ZhuHai_10_15,treatment,0,15,15
30_40.bin.124.orig.fa,200_0,0.03,average,ANImf,200,ZhuHai_30_40,treatment,0,40,40
80_100.bin.115.strict.fa,201_0,0.03,average,ANImf,201,ZhuHai_80_100,treatment,0,100,100
10_15.bin.67.orig.fa,202_1,0.03,average,ANImf,202,ZhuHai_10_15,treatment,0,15,15
15_20.bin.154.strict.fa,202_1,0.03,average,ANImf,202,ZhuHai_15_20,treatment,0,20,20
20_30.bin.85.strict.fa,202_1,0.03,average,ANImf,202,ZhuHai_20_30,treatment,0,30,30
30_40.bin.102.strict.fa,202_1,0.03,average,ANImf,202,ZhuHai_30_40,treatment,0,40,40
30_40.bin.136.permissive.fa,203_1,0.03,average,ANImf,203,ZhuHai_30_40,treatment,0,40,40
40_50.bin.127.permissive.fa,203_1,0.03,average,ANImf,203,ZhuHai_40_50,treatment,0,50,50
50_60.bin.5.permissive.fa,203_1,0.03,average,ANImf,203,ZhuHai_50_60,treatment,0,60,60
60_80.bin.5.strict.fa,203_1,0.03,average,ANImf,203,ZhuHai_60_80,treatment,0,80,80
20_30.bin.49.strict.fa,204_0,0.03,average,ANImf,204,ZhuHai_20_30,treatment,0,30,30
60_80.bin.98.strict.fa,205_0,0.03,average,ANImf,205,ZhuHai_60_80,treatment,0,80,80
30_40.bin.97.strict.fa,206_1,0.03,average,ANImf,206,ZhuHai_30_40,treatment,0,40,40
40_50.bin.75.strict.fa,206_1,0.03,average,ANImf,206,ZhuHai_40_50,treatment,0,50,50
50_60.bin.101.strict.fa,206_1,0.03,average,ANImf,206,ZhuHai_50_60,treatment,0,60,60
60_80.bin.101.strict.fa,206_1,0.03,average,ANImf,206,ZhuHai_60_80,treatment,0,80,80
80_100.bin.76.strict.fa,206_1,0.03,average,ANImf,206,ZhuHai_80_100,treatment,0,100,100
40_50.bin.179.permissive.fa,207_1,0.03,average,ANImf,207,ZhuHai_40_50,treatment,0,50,50
80_100.bin.93.strict.fa,207_1,0.03,average,ANImf,207,ZhuHai_80_100,treatment,0,100,100
80_100.bin.138.permissive.fa,208_0,0.03,average,ANImf,208,ZhuHai_80_100,treatment,0,100,100
10_15.bin.52.orig.fa,209_1,0.03,average,ANImf,209,ZhuHai_10_15,treatment,0,15,15
15_20.bin.7.strict.fa,209_1,0.03,average,ANImf,209,ZhuHai_15_20,treatment,0,20,20
20_30.bin.116.strict.fa,209_1,0.03,average,ANImf,209,ZhuHai_20_30,treatment,0,30,30
40_50.bin.144.strict.fa,210_1,0.03,average,ANImf,210,ZhuHai_40_50,treatment,0,50,50
50_60.bin.178.orig.fa,210_1,0.03,average,ANImf,210,ZhuHai_50_60,treatment,0,60,60
60_80.bin.178.strict.fa,210_1,0.03,average,ANImf,210,ZhuHai_60_80,treatment,0,80,80
80_100.bin.27.strict.fa,210_1,0.03,average,ANImf,210,ZhuHai_80_100,treatment,0,100,100
20_30.bin.111.orig.fa,211_0,0.03,average,ANImf,211,ZhuHai_20_30,treatment,0,30,30
30_40.bin.101.strict.fa,212_0,0.03,average,ANImf,212,ZhuHai_30_40,treatment,0,40,40
40_50.bin.20.strict.fa,213_0,0.03,average,ANImf,213,ZhuHai_40_50,treatment,0,50,50
30_40.bin.43.orig.fa,214_1,0.03,average,ANImf,214,ZhuHai_30_40,treatment,0,40,40
40_50.bin.6.orig.fa,214_1,0.03,average,ANImf,214,ZhuHai_40_50,treatment,0,50,50
80_100.bin.10.strict.fa,214_1,0.03,average,ANImf,214,ZhuHai_80_100,treatment,0,100,100
10_15.bin.142.orig.fa,215_1,0.03,average,ANImf,215,ZhuHai_10_15,treatment,0,15,15
15_20.bin.75.orig.fa,215_1,0.03,average,ANImf,215,ZhuHai_15_20,treatment,0,20,20
10_15.bin.123.orig.fa,216_0,0.03,average,ANImf,216,ZhuHai_10_15,treatment,0,15,15
15_20.bin.93.orig.fa,217_0,0.03,average,ANImf,217,ZhuHai_15_20,treatment,0,20,20
5_10.bin.109.orig.fa,218_0,0.03,average,ANImf,218,ZhuHai_5_10,treatment,0,10,10
80_100.bin.43.strict.fa,219_0,0.03,average,ANImf,219,ZhuHai_80_100,treatment,0,100,100
0_5.bin.123.permissive.fa,220_0,0.03,average,ANImf,220,ZhuHai_0_5,treatment,0,5,5
30_40.bin.24.permissive.fa,221_0,0.03,average,ANImf,221,ZhuHai_30_40,treatment,0,40,40
20_30.bin.10.strict.fa,222_1,0.03,average,ANImf,222,ZhuHai_20_30,treatment,0,30,30
40_50.bin.74.strict.fa,222_1,0.03,average,ANImf,222,ZhuHai_40_50,treatment,0,50,50
50_60.bin.62.orig.fa,222_1,0.03,average,ANImf,222,ZhuHai_50_60,treatment,0,60,60
60_80.bin.62.orig.fa,222_1,0.03,average,ANImf,222,ZhuHai_60_80,treatment,0,80,80
40_50.bin.10.strict.fa,223_1,0.03,average,ANImf,223,ZhuHai_40_50,treatment,0,50,50
50_60.bin.67.strict.fa,223_1,0.03,average,ANImf,223,ZhuHai_50_60,treatment,0,60,60
5_10.bin.50.strict.fa,223_1,0.03,average,ANImf,223,ZhuHai_5_10,treatment,0,10,10
60_80.bin.67.orig.fa,223_1,0.03,average,ANImf,223,ZhuHai_60_80,treatment,0,80,80
80_100.bin.127.permissive.fa,224_0,0.03,average,ANImf,224,ZhuHai_80_100,treatment,0,100,100
80_100.bin.192.orig.fa,225_0,0.03,average,ANImf,225,ZhuHai_80_100,treatment,0,100,100
0_5.bin.6.strict.fa,226_0,0.03,average,ANImf,226,ZhuHai_0_5,treatment,0,5,5
10_15.bin.81.permissive.fa,227_0,0.03,average,ANImf,227,ZhuHai_10_15,treatment,0,15,15
80_100.bin.25.orig.fa,228_0,0.03,average,ANImf,228,ZhuHai_80_100,treatment,0,100,100
